{"cameraMode":{"drawMode":0,"name":"Shaded","section":"Shading Mode"},"sceneLighting":false,"audioPlay":false,"sceneViewState":{"m_AlwaysRefresh":false,"showFog":true,"showSkybox":false,"showFlares":true,"showImageEffects":true,"showParticleSystems":true,"showVisualEffectGraphs":true,"m_FxEnabled":true},"in2DMode":false,"pivot":{"x":-2.8410825729370119,"y":-0.49813270568847659,"z":3.673619031906128},"rotation":{"x":-0.13786181807518006,"y":0.4063185155391693,"z":-0.062162622809410098,"w":-0.9011397957801819},"size":2.9912662506103517,"orthographic":false}