{"cameraMode":{"drawMode":0,"name":"Shaded","section":"Shading Mode"},"sceneLighting":false,"audioPlay":false,"sceneViewState":{"m_AlwaysRefresh":false,"showFog":true,"showSkybox":false,"showFlares":true,"showImageEffects":true,"showParticleSystems":true,"showVisualEffectGraphs":true,"m_FxEnabled":true},"in2DMode":false,"pivot":{"x":-0.9643515348434448,"y":0.01991748809814453,"z":0.6395813226699829},"rotation":{"x":-0.1353989541530609,"y":0.5269275307655335,"z":-0.08547134697437287,"w":-0.8347046971321106},"size":1.8059849739074708,"orthographic":false}