{"cameraMode":{"drawMode":0,"name":"Shaded","section":"Shading Mode"},"sceneLighting":false,"audioPlay":false,"sceneViewState":{"m_AlwaysRefresh":false,"showFog":true,"showSkybox":false,"showFlares":true,"showImageEffects":true,"showParticleSystems":true,"showVisualEffectGraphs":true,"m_FxEnabled":true},"in2DMode":false,"pivot":{"x":-0.04186341166496277,"y":0.032971397042274478,"z":-0.1918809711933136},"rotation":{"x":-0.02608543261885643,"y":0.9640783667564392,"z":-0.10336633026599884,"w":-0.24329496920108796},"size":0.3073950409889221,"orthographic":false}