{"cameraMode":{"drawMode":0,"name":"Shaded","section":"Shading Mode"},"sceneLighting":false,"audioPlay":false,"sceneViewState":{"m_AlwaysRefresh":false,"showFog":true,"showSkybox":false,"showFlares":true,"showImageEffects":true,"showParticleSystems":true,"showVisualEffectGraphs":true,"m_FxEnabled":true},"in2DMode":false,"pivot":{"x":-0.10743999481201172,"y":0.32281792163848879,"z":0.5179108381271362},"rotation":{"x":-0.20873990654945374,"y":0.49305403232574465,"z":-0.12317734956741333,"w":-0.8355647921562195},"size":1.5123724937438965,"orthographic":false}